2.200000000000000000e+01,5.000000000000000000e+01,0.000000000000000000e+00,3.070866141732283561e-01,5.542195312499998971e-01
2.100000000000000000e+01,3.800000000000000000e+01,4.006406249999999551e-03,3.149606299212598381e-01,8.052876562499998725e-01
5.000000000000000000e+00,5.700000000000000000e+01,6.904373437499998767e-01,3.700787401574803237e-01,1.709399999999999809e-01
6.000000000000000000e+00,6.900000000000000000e+01,8.920931249999998203e-01,3.622047244094488416e-01,1.168535156249999929e+00
3.200000000000000000e+01,6.600000000000000000e+01,9.001059374999997864e-01,2.440944881889763884e-01,1.220618437500000208e+00
2.300000000000000000e+01,6.200000000000000000e+01,9.214734374999997701e-01,1.732283464566929110e-01,1.180554375000000045e+00
3.000000000000000000e+00,3.300000000000000000e+01,1.428951562499999772e+00,4.330708661417322913e-01,1.375532812499999924e-01
4.000000000000000000e+00,4.500000000000000000e+01,1.428951562499999772e+00,3.858267716535432879e-01,1.482370312500000953e-01
2.200000000000000000e+01,5.000000000000000000e+01,1.981835624999999768e+00,4.015748031496063075e-01,3.098287500000000971e-01
2.100000000000000000e+01,3.800000000000000000e+01,1.992519374999999870e+00,3.858267716535432879e-01,2.657582812499998948e-01
5.000000000000000000e+00,5.700000000000000000e+01,2.688298593749999910e+00,3.937007874015748254e-01,1.201921874999998252e-01
3.200000000000000000e+01,6.600000000000000000e+01,2.889954374999999853e+00,1.811023622047244208e-01,6.810890624999998977e-01
6.000000000000000000e+00,6.900000000000000000e+01,2.896631718749999695e+00,2.834645669291338543e-01,7.585462500000001995e-01
2.300000000000000000e+01,6.200000000000000000e+01,2.919334687499999692e+00,2.204724409448818867e-01,5.996254687500002234e-01
4.000000000000000000e+00,4.500000000000000000e+01,3.344013749999999785e+00,3.779527559055118058e-01,6.410250000000017323e-02
3.000000000000000000e+00,3.300000000000000000e+01,3.352026562499999862e+00,4.094488188976377896e-01,5.608968750000009607e-02
3.200000000000000000e+01,6.600000000000000000e+01,3.924942656249999828e+00,5.748031496062991907e-01,3.605765624999994756e-01
2.200000000000000000e+01,5.000000000000000000e+01,3.956993906249999693e+00,3.228346456692913202e-01,8.199778124999999029e-01
5.000000000000000000e+00,5.700000000000000000e+01,3.956993906249999693e+00,1.889763779527559029e-01,1.348823437499997446e-01
2.300000000000000000e+01,6.200000000000000000e+01,3.991716093749999583e+00,1.653543307086614289e-01,2.110040624999993675e-01
3.200000000000000000e+01,6.600000000000000000e+01,4.340273437499999609e+00,6.614173228346457156e-01,1.415596875000000310e-01
3.200000000000000000e+01,6.600000000000000000e+01,4.583328749999999729e+00,4.094488188976377896e-01,5.876062499999967770e-02
3.200000000000000000e+01,6.600000000000000000e+01,4.712869218749998979e+00,3.307086614173228578e-01,6.410250000000061732e-02
3.900000000000000000e+01,5.600000000000000000e+01,4.720882031249998612e+00,3.858267716535432879e-01,8.547000000000082309e-02
6.000000000000000000e+00,6.900000000000000000e+01,4.758275156249998972e+00,5.118110236220472231e-01,1.215276562500005042e-01
5.000000000000000000e+00,5.700000000000000000e+01,4.825048593749999171e+00,2.677165354330708902e-01,1.028310937499998801e-01
4.300000000000000000e+01,6.700000000000000000e+01,4.842409687499999116e+00,5.826771653543306728e-01,5.208328124999992426e-01
3.200000000000000000e+01,6.600000000000000000e+01,5.289791718749998317e+00,5.039370078740157410e-01,4.086534375000008268e-01
4.000000000000000000e+00,4.500000000000000000e+01,5.308488281249998053e+00,2.755905511811023723e-01,7.478625000000072021e-02
6.000000000000000000e+00,6.900000000000000000e+01,5.822643749999999230e+00,3.385826771653543399e-01,9.668793749999995413e-01
3.200000000000000000e+01,6.600000000000000000e+01,5.835998437499998914e+00,4.724409448818897572e-02,9.241443750000000179e-01
5.000000000000000000e+00,5.700000000000000000e+01,5.852024062499999069e+00,1.259842519685039353e-01,4.727559375000005559e-01
2.200000000000000000e+01,5.000000000000000000e+01,5.865378749999998753e+00,1.732283464566929110e-01,6.356831250000007927e-01
2.300000000000000000e+01,6.200000000000000000e+01,5.880068906249999117e+00,1.181102362204724393e-01,8.266551562500001893e-01
3.900000000000000000e+01,5.600000000000000000e+01,6.501061874999999546e+00,2.283464566929133965e-01,7.478624999999983203e-02
5.000000000000000000e+00,5.700000000000000000e+01,6.575848124999999378e+00,3.937007874015748254e-01,6.810890624999998977e-02
2.400000000000000000e+01,7.400000000000000000e+01,7.059287812499999148e+00,6.692913385826771977e-01,3.458864062500000003e-01
4.000000000000000000e+00,4.500000000000000000e+01,7.079319843749999563e+00,2.992125984251968740e-01,6.276703124999993832e-02
3.200000000000000000e+01,6.600000000000000000e+01,7.079319843749999563e+00,2.440944881889763884e-01,1.228631250000002950e-01
2.900000000000000000e+01,7.600000000000000000e+01,7.306349531249999529e+00,6.692913385826771977e-01,3.018159374999997979e-01
3.300000000000000000e+01,7.800000000000000000e+01,7.532043749999998816e+00,6.377952755905511584e-01,7.224885937499996302e-01
3.200000000000000000e+01,6.600000000000000000e+01,7.569436874999999176e+00,1.653543307086614289e-01,8.039521874999984163e-01
2.200000000000000000e+01,5.000000000000000000e+01,7.569436874999999176e+00,2.598425196850393526e-01,2.791129687500006895e-01
1.400000000000000000e+01,7.300000000000000000e+01,8.238506718749999180e+00,3.937007874015748254e-01,2.550745312499973494e-01
3.900000000000000000e+01,5.600000000000000000e+01,8.348015156249998014e+00,2.047244094488188948e-01,8.413453124999925592e-02
2.900000000000000000e+01,7.600000000000000000e+01,8.444168906249997164e+00,2.992125984251968740e-01,7.345078124999915303e-02
3.200000000000000000e+01,6.600000000000000000e+01,8.454852656249997267e+00,3.937007874015747977e-02,4.286854687499985772e-01
5.000000000000000000e+00,5.700000000000000000e+01,8.481562031249996636e+00,1.102362204724409434e-01,1.188567187499991462e-01
2.400000000000000000e+01,7.400000000000000000e+01,8.504264999999996633e+00,4.803149606299212393e-01,6.623924999999992735e-01
1.800000000000000000e+01,5.100000000000000000e+01,9.077181093749995711e+00,1.811023622047244208e-01,2.443907812500007992e-01
3.600000000000000000e+01,6.500000000000000000e+01,9.095877656249996335e+00,2.283464566929133965e-01,2.256942187500001751e-01
1.000000000000000000e+01,7.100000000000000000e+01,9.099884062499995707e+00,3.858267716535432879e-01,2.978095312500013137e-01
3.200000000000000000e+01,6.600000000000000000e+01,9.416390156249997645e+00,2.125984251968504046e-01,1.095084375000006105e-01
4.300000000000000000e+01,6.700000000000000000e+01,9.691496718749998962e+00,2.913385826771653364e-01,1.155180468750000244e+00
1.300000000000000000e+01,6.100000000000000000e+01,9.691496718749998962e+00,2.047244094488188948e-01,1.133812968750000039e+00
2.700000000000000000e+01,5.200000000000000000e+01,9.731560781249999792e+00,2.283464566929133965e-01,5.662387500000001239e-01
3.900000000000000000e+01,5.600000000000000000e+01,1.047541687500000052e+01,2.677165354330708902e-01,8.279906249999946510e-02
5.000000000000000000e+00,5.700000000000000000e+01,1.056355781249999914e+01,2.362204724409448786e-01,1.989848437499990297e-01
4.300000000000000000e+01,6.700000000000000000e+01,1.104032015624999907e+01,5.118110236220472231e-01,2.791129687499989132e-01
2.800000000000000000e+01,6.400000000000000000e+01,1.105501031249999855e+01,3.622047244094488416e-01,1.575853124999984090e-01
4.000000000000000000e+00,4.500000000000000000e+01,1.106970046874999802e+01,1.732283464566929110e-01,8.279906249999946510e-02
6.000000000000000000e+00,6.900000000000000000e+01,1.127803359374999737e+01,5.590551181102362266e-01,2.617518749999998562e-01
3.200000000000000000e+01,6.600000000000000000e+01,1.127803359374999737e+01,4.488188976377952555e-01,1.869656250000009123e-01
1.000000000000000000e+01,7.100000000000000000e+01,1.147968937499999775e+01,6.850393700787401619e-01,4.180017187500020270e-01
4.300000000000000000e+01,6.700000000000000000e+01,1.149437953124999723e+01,5.590551181102362266e-01,7.665590625000024971e-01
1.200000000000000000e+01,4.900000000000000000e+01,1.152509531249999775e+01,2.204724409448818867e-01,3.084932812500014165e-01
1.400000000000000000e+01,7.300000000000000000e+01,1.209801140625000038e+01,5.433070866141732624e-01,1.175212499999993554e-01
6.000000000000000000e+00,6.900000000000000000e+01,1.210602421875000090e+01,3.937007874015748254e-01,1.549143749999988273e-01
3.900000000000000000e+01,5.600000000000000000e+01,1.218748781250000057e+01,3.385826771653543399e-01,5.876062499999967770e-02
1.400000000000000000e+01,7.300000000000000000e+01,1.227295781249999962e+01,5.039370078740157410e-01,5.101490625000000279e-01
5.000000000000000000e+00,5.700000000000000000e+01,1.228364156249999972e+01,2.913385826771653364e-01,7.077984374999957140e-02
2.900000000000000000e+01,7.600000000000000000e+01,1.228364156249999972e+01,5.669291338582677087e-01,6.063028124999991775e-01
1.000000000000000000e+01,7.100000000000000000e+01,1.281248718750000037e+01,4.330708661417322913e-01,2.590809374999984982e-01
2.400000000000000000e+01,7.400000000000000000e+01,1.281782906249999954e+01,5.905511811023621549e-01,2.590809374999984982e-01
4.000000000000000000e+00,4.500000000000000000e+01,1.286457046874999932e+01,1.968503937007874127e-01,8.947640625000019554e-02
1.000000000000000000e+01,7.100000000000000000e+01,1.326120468749999759e+01,1.889763779527559029e-01,5.221682812499999216e-01
2.700000000000000000e+01,5.200000000000000000e+01,1.326654656249999675e+01,2.362204724409448786e-01,3.779376562500011971e-01
2.900000000000000000e+01,7.600000000000000000e+01,1.329192046874999633e+01,4.645669291338582751e-01,1.161857812500013409e-01
2.400000000000000000e+01,7.400000000000000000e+01,1.334400374999999705e+01,2.362204724409448786e-01,4.286854687500003536e-01
1.400000000000000000e+01,7.300000000000000000e+01,1.375399265624999678e+01,3.385826771653543399e-01,7.812492187500001961e-01
6.000000000000000000e+00,6.900000000000000000e+01,1.375399265624999678e+01,1.732283464566929110e-01,9.081187499999998636e-01
3.900000000000000000e+01,5.600000000000000000e+01,1.404646031249999716e+01,3.307086614173228578e-01,6.810890624999998977e-02
5.000000000000000000e+00,5.700000000000000000e+01,1.412792390624999683e+01,2.834645669291338543e-01,1.081729687500008197e-01
1.400000000000000000e+01,7.300000000000000000e+01,1.461269906249999728e+01,3.307086614173228578e-01,3.338671874999992184e-01
2.900000000000000000e+01,7.600000000000000000e+01,1.462605374999999697e+01,4.645669291338582751e-01,2.323715624999991292e-01
4.000000000000000000e+00,4.500000000000000000e+01,1.465810499999999728e+01,2.204724409448818867e-01,8.546999999999904674e-02
4.300000000000000000e+01,6.700000000000000000e+01,1.490516671874999588e+01,3.858267716535432879e-01,2.804484375000022567e-01
1.000000000000000000e+01,7.100000000000000000e+01,1.490516671874999588e+01,5.590551181102362266e-01,1.415596875000009192e-01
2.400000000000000000e+01,7.400000000000000000e+01,1.514421562499999752e+01,5.748031496062991907e-01,4.326918750000015024e-01
1.000000000000000000e+01,7.100000000000000000e+01,1.514421562499999752e+01,4.409448818897637734e-01,5.702451562500012727e-01
1.200000000000000000e+01,4.900000000000000000e+01,1.516558312499999772e+01,2.125984251968504046e-01,3.071578125000016257e-01
6.000000000000000000e+00,6.900000000000000000e+01,1.573182187499999962e+01,4.251968503937008093e-01,7.077984374999957140e-02
3.200000000000000000e+01,6.600000000000000000e+01,1.573182187499999962e+01,3.622047244094488416e-01,1.669335937500004974e-01
3.900000000000000000e+01,5.600000000000000000e+01,1.586670421874999981e+01,2.677165354330708902e-01,7.345078125000092939e-02
6.000000000000000000e+00,6.900000000000000000e+01,1.590676828125000064e+01,3.070866141732283561e-01,4.046470312500023425e-01
1.400000000000000000e+01,7.300000000000000000e+01,1.590676828125000064e+01,4.173228346456692717e-01,4.647431250000035874e-01
5.000000000000000000e+00,5.700000000000000000e+01,1.594015500000000074e+01,2.283464566929133965e-01,1.375532812499997704e-01
4.300000000000000000e+01,6.700000000000000000e+01,1.640222718750000297e+01,4.566929133858267931e-01,2.978095312499959846e-01
2.800000000000000000e+01,6.400000000000000000e+01,1.640890453125000192e+01,3.385826771653543399e-01,1.976493749999974625e-01
4.000000000000000000e+00,4.500000000000000000e+01,1.642893656250000234e+01,1.417322834645669272e-01,9.882468749999873125e-02
1.000000000000000000e+01,7.100000000000000000e+01,1.687765406249999955e+01,4.566929133858267931e-01,6.583860937499999011e-01
3.600000000000000000e+01,6.500000000000000000e+01,1.687765406249999955e+01,3.464566929133858220e-01,6.063028125000009538e-01
2.200000000000000000e+01,5.000000000000000000e+01,1.692172453124999976e+01,1.574803149606299191e-01,1.557156562499994124e+00
6.000000000000000000e+00,6.900000000000000000e+01,1.749998250000000155e+01,2.283464566929133965e-01,9.788985937499923295e-01
3.200000000000000000e+01,6.600000000000000000e+01,1.750933078125000009e+01,1.338582677165354451e-01,9.281507812499967258e-01
3.900000000000000000e+01,5.600000000000000000e+01,1.780046296874999712e+01,2.204724409448818867e-01,8.546999999999727038e-02
5.000000000000000000e+00,5.700000000000000000e+01,1.790462953124999501e+01,2.519685039370078705e-01,3.098287500000012074e-01
5.000000000000000000e+00,5.700000000000000000e+01,1.836269531249999787e+01,1.574803149606299191e-02,1.375532812499962176e-01
2.400000000000000000e+01,7.400000000000000000e+01,1.843347515624999744e+01,6.377952755905511584e-01,3.044868749999949387e-01
2.300000000000000000e+01,6.200000000000000000e+01,1.844816531249999514e+01,3.622047244094488416e-01,2.644228124999976615e-01
3.100000000000000000e+01,5.400000000000000000e+01,1.889020546874999340e+01,5.275590551181101873e-01,8.627128124999998704e-01
2.400000000000000000e+01,7.400000000000000000e+01,1.889020546874999340e+01,7.244094488188976833e-01,4.513884375000003502e-01
2.300000000000000000e+01,6.200000000000000000e+01,1.889821828124999215e+01,5.748031496062991907e-01,3.271898437500020407e-01
8.000000000000000000e+00,4.700000000000000000e+01,1.891023749999999382e+01,3.385826771653543399e-01,6.236639062500017872e-01
1.400000000000000000e+01,7.300000000000000000e+01,1.927081406249999418e+01,6.220472440944881942e-01,2.297006249999995475e-01
1.000000000000000000e+01,7.100000000000000000e+01,1.951520484374999498e+01,7.480314960629921295e-01,1.642626562499991394e-01
1.400000000000000000e+01,7.300000000000000000e+01,1.975291828124999327e+01,6.692913385826771977e-01,5.956190624999990746e-01
4.300000000000000000e+01,6.700000000000000000e+01,1.976894390624999431e+01,4.960629921259842590e-01,8.587064062499969452e-01
2.300000000000000000e+01,6.200000000000000000e+01,1.976894390624999431e+01,4.881889763779527769e-01,7.558753124999988415e-01
3.500000000000000000e+01,5.300000000000000000e+01,1.976894390624999431e+01,6.535433070866141225e-01,9.415054687499981867e-01
8.000000000000000000e+00,4.700000000000000000e+01,1.977695671874999306e+01,3.700787401574803237e-01,7.759073437499992565e-01
1.000000000000000000e+01,7.100000000000000000e+01,2.026974468749999403e+01,7.086614173228346081e-01,4.887815624999980457e-01
2.400000000000000000e+01,7.400000000000000000e+01,2.069041734374999209e+01,5.590551181102362266e-01,5.021362499999995066e-01
8.000000000000000000e+00,4.700000000000000000e+01,2.070243656249999376e+01,4.015748031496063075e-01,7.171467187499978024e-01
2.300000000000000000e+01,6.200000000000000000e+01,2.071044937499999250e+01,1.889763779527559029e-01,6.209929687499986528e-01
3.200000000000000000e+01,6.600000000000000000e+01,2.118587624999999264e+01,4.330708661417322913e-01,2.831193749999982856e-01
3.100000000000000000e+01,5.400000000000000000e+01,2.141958328124999156e+01,3.700787401574803237e-01,6.677343750000019895e-02
4.300000000000000000e+01,6.700000000000000000e+01,2.152508531249999280e+01,5.118110236220472231e-01,8.947640625000019554e-02
2.300000000000000000e+01,6.200000000000000000e+01,2.155179468749999216e+01,4.173228346456692717e-01,3.565701562499974386e-01
3.200000000000000000e+01,6.600000000000000000e+01,2.155179468749999216e+01,4.251968503937008093e-01,3.031514062499987006e-01
3.600000000000000000e+01,6.500000000000000000e+01,2.184559781249999233e+01,6.141732283464567121e-01,2.377134374999982924e-01
3.100000000000000000e+01,5.400000000000000000e+01,2.199784124999998980e+01,4.724409448818897572e-01,3.231834374999991155e-01
3.200000000000000000e+01,6.600000000000000000e+01,2.208998859374998958e+01,5.984251968503937480e-01,1.896365624999987176e-01
4.300000000000000000e+01,6.700000000000000000e+01,2.232636656249998808e+01,6.377952755905511584e-01,3.806085937500007788e-01
2.300000000000000000e+01,6.200000000000000000e+01,2.234372765624998891e+01,4.645669291338582751e-01,3.338671875000009948e-01
8.000000000000000000e+00,4.700000000000000000e+01,2.235841781249999016e+01,2.834645669291338543e-01,4.273499999999970100e-01
1.000000000000000000e+01,7.100000000000000000e+01,2.259479578124998866e+01,7.007874015748031260e-01,2.884612500000010016e-01
2.400000000000000000e+01,7.400000000000000000e+01,2.282583187499998800e+01,6.771653543307086798e-01,3.458864062500026648e-01
4.200000000000000000e+01,5.500000000000000000e+01,2.295270140624998945e+01,4.645669291338582751e-01,4.807687499999957481e-02
1.400000000000000000e+01,7.300000000000000000e+01,2.307556453124998797e+01,5.669291338582677087e-01,5.795934375000015848e-01
2.300000000000000000e+01,6.200000000000000000e+01,2.309025468749998922e+01,3.622047244094488416e-01,1.642626562500026921e-01
1.000000000000000000e+01,7.100000000000000000e+01,2.357502984374999144e+01,5.748031496062991907e-01,4.901170312499978365e-01
4.200000000000000000e+01,5.500000000000000000e+01,2.362577765624999060e+01,2.125984251968504046e-01,1.749464062499974659e-01
2.400000000000000000e+01,7.400000000000000000e+01,2.404377937499998907e+01,5.590551181102362266e-01,1.310094843750004401e+00
8.000000000000000000e+00,4.700000000000000000e+01,2.405846953124999033e+01,2.519685039370078705e-01,1.014956250000004445e+00
2.300000000000000000e+01,6.200000000000000000e+01,2.406915328124998865e+01,2.598425196850393526e-01,5.515485937500024249e-01
3.200000000000000000e+01,6.600000000000000000e+01,2.408384343749998990e+01,1.417322834645669272e-01,6.396895312500028297e-01
3.500000000000000000e+01,5.300000000000000000e+01,2.435494359374999007e+01,6.456692913385826404e-01,2.657582812500010050e-01
3.100000000000000000e+01,5.400000000000000000e+01,2.460868265624998941e+01,6.220472440944881942e-01,3.619120312500037073e-01
9.000000000000000000e+00,5.900000000000000000e+01,2.487978281249999313e+01,5.826771653543306728e-01,4.353628124999993076e-01
3.300000000000000000e+01,7.800000000000000000e+01,2.528977171874999286e+01,6.614173228346457156e-01,3.792731250000009879e-01
4.000000000000000000e+01,6.800000000000000000e+01,2.530446187499999411e+01,4.409448818897637734e-01,3.979696874999980594e-01
2.300000000000000000e+01,6.200000000000000000e+01,2.531514562499999244e+01,4.724409448818897572e-01,5.555549999999982447e-01
3.300000000000000000e+01,7.800000000000000000e+01,2.588806171874999151e+01,5.905511811023621549e-01,4.567303124999995134e-01
6.000000000000000000e+00,6.900000000000000000e+01,2.590675828124999214e+01,3.307086614173228578e-01,4.727559375000005559e-01
1.300000000000000000e+01,6.100000000000000000e+01,2.591477109374999088e+01,2.283464566929133965e-01,6.704053125000015712e-01
2.900000000000000000e+01,7.600000000000000000e+01,2.626065749999998999e+01,5.984251968503937480e-01,2.590809375000020509e-01
1.400000000000000000e+01,7.300000000000000000e+01,2.652508031249999121e+01,5.433070866141732624e-01,1.375532812499997704e-01
4.300000000000000000e+01,6.700000000000000000e+01,2.652508031249999121e+01,4.645669291338582751e-01,3.151706250000003706e-01
1.000000000000000000e+00,5.800000000000000000e+01,2.654644781249999141e+01,2.047244094488188948e-01,2.670937500000007958e-01
2.400000000000000000e+01,7.400000000000000000e+01,2.674676812499999201e+01,6.220472440944881942e-01,4.821042187499955389e-01
4.000000000000000000e+01,6.800000000000000000e+01,2.674676812499999201e+01,4.409448818897637734e-01,8.079585937499942361e-01
9.000000000000000000e+00,5.900000000000000000e+01,2.678149031249999368e+01,3.228346456692913202e-01,4.246790624999938757e-01
1.000000000000000000e+01,7.100000000000000000e+01,2.716877624999998986e+01,6.929133858267716439e-01,4.340273437499959641e-01
2.300000000000000000e+01,6.200000000000000000e+01,2.719682109374998902e+01,4.566929133858267931e-01,4.300209374999965917e-01
2.900000000000000000e+01,7.600000000000000000e+01,2.762283562499998624e+01,4.251968503937008093e-01,4.967943749999967906e-01
6.000000000000000000e+00,6.900000000000000000e+01,2.765221593749998519e+01,1.889763779527559029e-01,5.689096874999961528e-01
2.800000000000000000e+01,6.400000000000000000e+01,2.766289968749998351e+01,1.181102362204724393e-01,4.567303124999995134e-01
1.300000000000000000e+01,6.100000000000000000e+01,2.766289968749998351e+01,2.125984251968504046e-01,6.169865624999992804e-01
1.400000000000000000e+01,7.300000000000000000e+01,2.809158515624998387e+01,4.960629921259842590e-01,1.883010937499989268e-01
1.300000000000000000e+01,6.100000000000000000e+01,2.849222578124998151e+01,4.094488188976377896e-01,4.647431249999947056e-01
6.000000000000000000e+00,6.900000000000000000e+01,2.849222578124998151e+01,4.881889763779527769e-01,4.553948437499961699e-01
3.200000000000000000e+01,6.600000000000000000e+01,2.852561249999997983e+01,2.204724409448818867e-01,4.313564062499963825e-01
3.100000000000000000e+01,5.400000000000000000e+01,2.853362531249997858e+01,2.755905511811023723e-01,3.939632812499986869e-01
1.000000000000000000e+01,7.100000000000000000e+01,2.881540921874997707e+01,6.692913385826771977e-01,2.083331249999993418e-01
1.400000000000000000e+01,7.300000000000000000e+01,2.905445812499997515e+01,5.984251968503937480e-01,1.482370312500016496e-01
2.300000000000000000e+01,6.200000000000000000e+01,2.918533406249997597e+01,3.385826771653543399e-01,5.528840625000057685e-01
6.000000000000000000e+00,6.900000000000000000e+01,2.926546218749997763e+01,2.362204724409448786e-01,8.827448437500002854e-01
3.500000000000000000e+01,5.300000000000000000e+01,2.930285531249997888e+01,3.307086614173228578e-01,6.770826562500005252e-01
8.000000000000000000e+00,4.700000000000000000e+01,2.930819718749997804e+01,1.653543307086614289e-01,5.969545312500024181e-01
2.900000000000000000e+01,7.600000000000000000e+01,2.938565437499997657e+01,3.937007874015748254e-01,3.018159375000024625e-01
2.400000000000000000e+01,7.400000000000000000e+01,2.978362406249998173e+01,3.700787401574803237e-01,1.522434374999974693e-01
1.400000000000000000e+01,7.300000000000000000e+01,3.007742718749997834e+01,4.173228346456692717e-01,1.255340624999981003e-01
1.400000000000000000e+01,7.300000000000000000e+01,3.036855937499997538e+01,3.228346456692913202e-01,6.236639062499982344e-01
2.300000000000000000e+01,6.200000000000000000e+01,3.039259781249997516e+01,2.125984251968504046e-01,7.999457812499990439e-01
4.000000000000000000e+01,6.800000000000000000e+01,3.040194609374997370e+01,2.204724409448818867e-01,9.214734375000013245e-01
2.600000000000000000e+01,4.000000000000000000e+01,3.043399734374997223e+01,1.968503937007874127e-01,5.889417187500001205e-01
1.000000000000000000e+01,7.100000000000000000e+01,3.094815281249997341e+01,3.543307086614173040e-01,4.794332812500030627e-01
2.700000000000000000e+01,5.200000000000000000e+01,3.099890062499997256e+01,2.362204724409448786e-01,3.071578125000016257e-01
1.300000000000000000e+01,6.100000000000000000e+01,3.144628265624997709e+01,2.834645669291338543e-01,6.063028124999974011e-01
4.000000000000000000e+00,4.500000000000000000e+01,3.145295999999997605e+01,2.283464566929133965e-01,5.515485937499988722e-01
6.000000000000000000e+00,6.900000000000000000e+01,3.147299203124997646e+01,2.362204724409448786e-01,1.789528124999993253e+00
3.900000000000000000e+01,5.600000000000000000e+01,3.177347249999997558e+01,5.118110236220472231e-01,2.951385937499964029e-01
5.000000000000000000e+00,5.700000000000000000e+01,3.208597218749996927e+01,4.803149606299212393e-01,2.390489062499980832e-01
1.300000000000000000e+01,6.100000000000000000e+01,3.235440140624996985e+01,3.700787401574803237e-01,1.856301562499993452e-01
9.000000000000000000e+00,5.900000000000000000e+01,3.248794828124997025e+01,2.913385826771653364e-01,7.318368749999990541e-01
5.000000000000000000e+00,5.700000000000000000e+01,3.322779796874996805e+01,1.417322834645669272e-01,4.166662499999986835e-01
3.200000000000000000e+01,6.600000000000000000e+01,3.393158999999996439e+01,3.385826771653543399e-01,3.498928125000020373e-01
5.000000000000000000e+00,5.700000000000000000e+01,3.396497671874996627e+01,1.653543307086614289e-01,3.458864062500026648e-01
2.200000000000000000e+01,5.000000000000000000e+01,3.397298953124996501e+01,1.574803149606299191e-01,9.668793750000048703e-01
2.300000000000000000e+01,6.200000000000000000e+01,3.397298953124996501e+01,1.574803149606299191e-01,5.048071875000061937e-01
3.200000000000000000e+01,6.600000000000000000e+01,3.440301046874996871e+01,3.779527559055118058e-01,1.802882812500001819e-01
3.200000000000000000e+01,6.600000000000000000e+01,3.467544609374996867e+01,3.858267716535432879e-01,8.947640625000019554e-02
3.900000000000000000e+01,5.600000000000000000e+01,3.490247578124996863e+01,1.574803149606299191e-01,1.081729687499972670e-01
3.200000000000000000e+01,6.600000000000000000e+01,3.491449499999996675e+01,2.834645669291338543e-01,8.413453125000103228e-02
6.000000000000000000e+00,6.900000000000000000e+01,3.498527484374996988e+01,2.677165354330708902e-01,8.012812500000165983e-02
5.000000000000000000e+00,5.700000000000000000e+01,3.503335171874996945e+01,1.496062992125984370e-01,2.069976562500031037e-01
4.300000000000000000e+01,6.700000000000000000e+01,3.505605468749997300e+01,2.834645669291338543e-01,5.969545312499988654e-01
3.200000000000000000e+01,6.600000000000000000e+01,3.561695156249997041e+01,2.362204724409448786e-01,2.817839062499984948e-01
4.000000000000000000e+00,4.500000000000000000e+01,3.564366093749997333e+01,1.889763779527559029e-01,1.041665624999978945e-01
6.000000000000000000e+00,6.900000000000000000e+01,3.618853218749996614e+01,1.653543307086614289e-01,9.788985937499887768e-01
5.000000000000000000e+00,5.700000000000000000e+01,3.621257062499996948e+01,9.448818897637795144e-02,3.912923437499955526e-01
3.200000000000000000e+01,6.600000000000000000e+01,3.621657703124996885e+01,1.181102362204724393e-01,9.334926562499887837e-01
2.200000000000000000e+01,5.000000000000000000e+01,3.621657703124996885e+01,1.732283464566929110e-01,7.719009374999927786e-01
2.300000000000000000e+01,6.200000000000000000e+01,3.623393812499996613e+01,1.417322834645669272e-01,8.079585937499942361e-01
3.900000000000000000e+01,5.600000000000000000e+01,3.700450359374995912e+01,1.574803149606299191e-01,8.146359375000145064e-02
5.000000000000000000e+00,5.700000000000000000e+01,3.707795437499996183e+01,2.992125984251968740e-01,2.844548437499909710e-01
2.400000000000000000e+01,7.400000000000000000e+01,3.760279359374995067e+01,6.141732283464567121e-01,3.579056249999936767e-01
3.200000000000000000e+01,6.600000000000000000e+01,3.762282562499994754e+01,2.519685039370078705e-01,2.590809374999949455e-01
4.000000000000000000e+00,4.500000000000000000e+01,3.764018671874994482e+01,2.125984251968504046e-01,1.228631250000020714e-01
2.900000000000000000e+01,7.600000000000000000e+01,3.787522921874994353e+01,6.535433070866141225e-01,2.604164062499947363e-01
3.300000000000000000e+01,7.800000000000000000e+01,3.806887218749994162e+01,5.905511811023621549e-01,7.104693750000024011e-01
3.200000000000000000e+01,6.600000000000000000e+01,3.808623328124993890e+01,3.228346456692913202e-01,1.354165312500001050e+00
2.200000000000000000e+01,5.000000000000000000e+01,3.812095546874994056e+01,2.598425196850393526e-01,4.487175000000007685e-01
1.400000000000000000e+01,7.300000000000000000e+01,3.875396765624994089e+01,4.015748031496063075e-01,2.230232812500005934e-01
3.900000000000000000e+01,5.600000000000000000e+01,3.886881796874994421e+01,2.440944881889763884e-01,6.944437500000333330e-02
5.000000000000000000e+00,5.700000000000000000e+01,3.894627515624994629e+01,2.755905511811023723e-01,2.817839062499913894e-01
2.900000000000000000e+01,7.600000000000000000e+01,3.896764265624994295e+01,1.968503937007874127e-01,8.012812499999455440e-02
2.400000000000000000e+01,7.400000000000000000e+01,3.898767468749993981e+01,4.645669291338582751e-01,2.711001562500001683e-01
1.000000000000000000e+01,7.100000000000000000e+01,3.954189421874993826e+01,4.409448818897637734e-01,4.540593749999928264e-01
3.600000000000000000e+01,6.500000000000000000e+01,3.956326171874993491e+01,2.125984251968504046e-01,2.016557812499968350e-01
1.800000000000000000e+01,5.100000000000000000e+01,3.956860359374993408e+01,2.519685039370078705e-01,2.564099999999953639e-01
3.200000000000000000e+01,6.600000000000000000e+01,3.982100718749993007e+01,2.598425196850393526e-01,8.547000000000082309e-02
1.300000000000000000e+01,6.100000000000000000e+01,4.004002406249993129e+01,3.307086614173228578e-01,1.148503124999997738e+00
4.300000000000000000e+01,6.700000000000000000e+01,4.005070781249992962e+01,3.779527559055118058e-01,1.160522343750002960e+00
2.700000000000000000e+01,5.200000000000000000e+01,4.008409453124993149e+01,3.385826771653543399e-01,8.239842187499988313e-01
1.000000000000000000e+00,5.800000000000000000e+01,4.083329249999993493e+01,1.653543307086614289e-01,7.478624999999539114e-02
9.000000000000000000e+00,5.900000000000000000e+01,4.088938218749993325e+01,4.251968503937008093e-01,4.460465625000011869e-01
4.300000000000000000e+01,6.700000000000000000e+01,4.138350562499993401e+01,5.669291338582677087e-01,3.044868749999949387e-01
2.800000000000000000e+01,6.400000000000000000e+01,4.139552484374993213e+01,4.724409448818897572e-01,3.218479687499993247e-01
4.200000000000000000e+01,5.500000000000000000e+01,4.141288593749992941e+01,3.464566929133858220e-01,2.083331250000028945e-01
2.000000000000000000e+00,7.000000000000000000e+01,4.162121906249993231e+01,5.984251968503937480e-01,2.724356249999928536e-01
3.200000000000000000e+01,6.600000000000000000e+01,4.163590921874993001e+01,4.645669291338582751e-01,2.497326562499964098e-01
2.700000000000000000e+01,5.200000000000000000e+01,4.165460578124992708e+01,3.858267716535432879e-01,1.682690625000020646e-01
1.000000000000000000e+01,7.100000000000000000e+01,4.184157140624992621e+01,6.771653543307086798e-01,3.311962499999978604e-01
1.200000000000000000e+01,4.900000000000000000e+01,4.185626156249992391e+01,3.779527559055118058e-01,2.630873437500014234e-01
4.300000000000000000e+01,6.700000000000000000e+01,4.185626156249992391e+01,5.590551181102362266e-01,6.236639062499946817e-01
2.000000000000000000e+00,7.000000000000000000e+01,4.246657078124992069e+01,5.511811023622047445e-01,1.322114062499935017e-01
1.400000000000000000e+01,7.300000000000000000e+01,4.246657078124992069e+01,6.299212598425196763e-01,1.442306249999916190e-01
9.000000000000000000e+00,5.900000000000000000e+01,4.249595109374991608e+01,3.307086614173228578e-01,1.976493749999903571e-01
2.900000000000000000e+01,7.600000000000000000e+01,4.266555562499991083e+01,6.299212598425196763e-01,3.579056249999936767e-01
1.400000000000000000e+01,7.300000000000000000e+01,4.266956203124991021e+01,5.511811023622047445e-01,2.831193749999982856e-01
4.300000000000000000e+01,6.700000000000000000e+01,4.268558765624990770e+01,4.566929133858267931e-01,2.831193749999982856e-01
2.400000000000000000e+01,7.400000000000000000e+01,4.322511703124990134e+01,6.692913385826771977e-01,2.564099999999882584e-01
4.300000000000000000e+01,6.700000000000000000e+01,4.323312984374990009e+01,5.669291338582677087e-01,2.230232812499934880e-01
2.800000000000000000e+01,6.400000000000000000e+01,4.324247812499989863e+01,4.173228346456692717e-01,2.323715624999920237e-01
9.000000000000000000e+00,5.900000000000000000e+01,4.325049093749989737e+01,4.330708661417322913e-01,1.562498437499968418e-01
2.400000000000000000e+01,7.400000000000000000e+01,4.371122765624988915e+01,7.165354330708660902e-01,5.769225000000020032e-01
2.000000000000000000e+00,7.000000000000000000e+01,4.371122765624988915e+01,4.803149606299212393e-01,7.411851562500046953e-01
3.200000000000000000e+01,6.600000000000000000e+01,4.371924046874988790e+01,3.937007874015748254e-01,1.060362187500004438e+00
2.800000000000000000e+01,6.400000000000000000e+01,4.371924046874988790e+01,5.354330708661417804e-01,9.628729687500054979e-01
3.000000000000000000e+01,4.200000000000000000e+01,4.372992421874988622e+01,4.173228346456692717e-01,3.886214062500030764e-01
1.400000000000000000e+01,7.300000000000000000e+01,4.421737031249988803e+01,5.748031496062991907e-01,8.199778125000065643e-01
3.500000000000000000e+01,5.300000000000000000e+01,4.451250890624989154e+01,5.905511811023621549e-01,1.108439062500039540e-01
3.100000000000000000e+01,5.400000000000000000e+01,4.459664343749989257e+01,6.456692913385826404e-01,3.645829687499997362e-01
2.000000000000000000e+00,7.000000000000000000e+01,4.503334171874989522e+01,5.748031496062991907e-01,3.485573437499951410e-01
3.200000000000000000e+01,6.600000000000000000e+01,4.503734812499989459e+01,4.409448818897637734e-01,3.779376562499976444e-01
2.800000000000000000e+01,6.400000000000000000e+01,4.505871562499989125e+01,5.118110236220472231e-01,2.337070312499989200e-01
1.700000000000000000e+01,7.200000000000000000e+01,4.529776453124988933e+01,7.007874015748031260e-01,2.924676562500039267e-01
5.000000000000000000e+00,5.700000000000000000e+01,4.529776453124988933e+01,4.488188976377952555e-01,2.550745312500026785e-01
3.200000000000000000e+01,6.600000000000000000e+01,4.553147156249989536e+01,5.275590551181101873e-01,1.160522343749995855e+00
1.000000000000000000e+00,5.800000000000000000e+01,4.553147156249989536e+01,4.330708661417322913e-01,9.161315624999986085e-01
1.400000000000000000e+01,7.300000000000000000e+01,4.553147156249989536e+01,6.456692913385826404e-01,8.039521875000019691e-01
2.400000000000000000e+01,7.400000000000000000e+01,4.618852218749989902e+01,7.165354330708660902e-01,2.951385937499964029e-01
3.300000000000000000e+01,7.800000000000000000e+01,4.641555187499989898e+01,6.535433070866141225e-01,5.862707812500005389e-01
2.000000000000000000e+00,7.000000000000000000e+01,4.642757109374989710e+01,3.937007874015748254e-01,7.785782812499988381e-01
3.100000000000000000e+01,5.400000000000000000e+01,4.643959031249989522e+01,3.858267716535432879e-01,6.089737500000040882e-01
2.900000000000000000e+01,7.600000000000000000e+01,4.692970734374989661e+01,6.377952755905511584e-01,1.709400000000016462e-01
1.400000000000000000e+01,7.300000000000000000e+01,4.732500609374989864e+01,5.905511811023621549e-01,5.822643749999940610e-01
3.600000000000000000e+01,6.500000000000000000e+01,4.733301890624989738e+01,4.488188976377952555e-01,4.714204687499972124e-01
8.000000000000000000e+00,4.700000000000000000e+01,4.735037999999989466e+01,3.937007874015748254e-01,7.184821875000011460e-01
1.000000000000000000e+01,7.100000000000000000e+01,4.735037999999989466e+01,5.354330708661417804e-01,5.622323437499971988e-01
2.400000000000000000e+01,7.400000000000000000e+01,4.777505906249989209e+01,5.433070866141732624e-01,3.645829687500068417e-01
3.200000000000000000e+01,6.600000000000000000e+01,4.778173640624989105e+01,3.622047244094488416e-01,4.326918750000103842e-01
3.100000000000000000e+01,5.400000000000000000e+01,4.798606312499989457e+01,5.196850393700787052e-01,1.415596875000062482e-01
2.300000000000000000e+01,6.200000000000000000e+01,4.816501593749990207e+01,6.299212598425196763e-01,4.380337500000024420e-01
2.400000000000000000e+01,7.400000000000000000e+01,4.862975906249990743e+01,7.716535433070865757e-01,4.019760937500009845e-01
3.100000000000000000e+01,5.400000000000000000e+01,4.864444921874990513e+01,5.905511811023621549e-01,4.220081250000049522e-01
1.400000000000000000e+01,7.300000000000000000e+01,4.903841249999990737e+01,6.929133858267716439e-01,3.993051562500014029e-01
8.000000000000000000e+00,4.700000000000000000e+01,4.903841249999990737e+01,5.275590551181101873e-01,6.103092187500038790e-01
4.300000000000000000e+01,6.700000000000000000e+01,4.906111546874991092e+01,4.960629921259842590e-01,7.118048437499950865e-01
1.000000000000000000e+01,7.100000000000000000e+01,4.906111546874991092e+01,5.984251968503937480e-01,7.972748437499888041e-01
2.900000000000000000e+01,7.600000000000000000e+01,4.932687374999991192e+01,6.614173228346457156e-01,2.564100000000024693e-01
3.300000000000000000e+01,7.800000000000000000e+01,4.955924531249991105e+01,6.614173228346457156e-01,2.203523437499939064e-01
4.200000000000000000e+01,5.500000000000000000e+01,4.970614687499990936e+01,4.173228346456692717e-01,6.677343749999664624e-02
1.300000000000000000e+01,6.100000000000000000e+01,4.979161687499990308e+01,5.984251968503937480e-01,4.594012499999919896e-01
2.900000000000000000e+01,7.600000000000000000e+01,4.980096515624990161e+01,7.007874015748031260e-01,4.447110937499942906e-01
1.000000000000000000e+01,7.100000000000000000e+01,5.023632796874989737e+01,7.637795275590550936e-01,2.831193749999982856e-01
4.200000000000000000e+01,5.500000000000000000e+01,5.026036640624989360e+01,5.984251968503937480e-01,4.567303124999995134e-01
2.400000000000000000e+01,7.400000000000000000e+01,5.068771640624989772e+01,6.771653543307086798e-01,1.068375000000003183e+00
8.000000000000000000e+00,4.700000000000000000e+01,5.069172281249989709e+01,4.803149606299212393e-01,1.302082031250002103e+00
3.200000000000000000e+01,6.600000000000000000e+01,5.069172281249989709e+01,4.173228346456692717e-01,1.475692968750003331e+00
1.000000000000000000e+01,7.100000000000000000e+01,5.069973562499989583e+01,4.645669291338582751e-01,1.363513593750006692e+00
3.500000000000000000e+01,5.300000000000000000e+01,5.097884859374989475e+01,7.716535433070865757e-01,2.777774999999991223e-01
3.100000000000000000e+01,5.400000000000000000e+01,5.121255562499989367e+01,6.771653543307086798e-01,2.029912500000037312e-01
5.000000000000000000e+00,5.700000000000000000e+01,5.137948921874989594e+01,4.803149606299212393e-01,1.589207812500035288e-01
4.200000000000000000e+01,5.500000000000000000e+01,5.148632671874990052e+01,6.850393700787401619e-01,5.074781249999986699e-01
2.400000000000000000e+01,7.400000000000000000e+01,5.194973437499989899e+01,6.614173228346457156e-01,3.926278125000024488e-01
3.100000000000000000e+01,5.400000000000000000e+01,5.197510828124990212e+01,6.299212598425196763e-01,3.819440624999970169e-01
1.400000000000000000e+01,7.300000000000000000e+01,5.235705234374989914e+01,6.614173228346457156e-01,4.059824999999932515e-01
4.300000000000000000e+01,6.700000000000000000e+01,5.237574890624989621e+01,4.960629921259842590e-01,1.161857812500002751e+00
1.000000000000000000e+01,7.100000000000000000e+01,5.238509718749989474e+01,5.275590551181101873e-01,8.239842187499988313e-01
8.000000000000000000e+00,4.700000000000000000e+01,5.239444546874989328e+01,4.566929133858267931e-01,1.147167656250005052e+00
2.900000000000000000e+01,7.600000000000000000e+01,5.265886828124989449e+01,6.692913385826771977e-01,2.991450000000028808e-01
3.300000000000000000e+01,7.800000000000000000e+01,5.288589796874989446e+01,6.141732283464567121e-01,3.538992187500014097e-01
4.200000000000000000e+01,5.500000000000000000e+01,5.300876109374989653e+01,3.622047244094488416e-01,1.535789062499972601e-01
2.900000000000000000e+01,7.600000000000000000e+01,5.310625031249989547e+01,6.692913385826771977e-01,4.527239062500001410e-01
1.300000000000000000e+01,6.100000000000000000e+01,5.311426312499989422e+01,5.826771653543306728e-01,3.111642187500009982e-01
1.000000000000000000e+01,7.100000000000000000e+01,5.351490374999989541e+01,7.480314960629921295e-01,2.857903124999978672e-01
4.200000000000000000e+01,5.500000000000000000e+01,5.353760671874989896e+01,5.275590551181101873e-01,3.552346874999940951e-01
8.000000000000000000e+00,4.700000000000000000e+01,5.388749953124989389e+01,4.960629921259842590e-01,1.160522343750002960e+00
2.400000000000000000e+01,7.400000000000000000e+01,5.390218968749989159e+01,6.535433070866141225e-01,1.045672031250006739e+00
3.200000000000000000e+01,6.600000000000000000e+01,5.390886703124989054e+01,4.251968503937008093e-01,1.268695312500007333e+00
1.000000000000000000e+01,7.100000000000000000e+01,5.391687984374988929e+01,2.755905511811023723e-01,1.302082031250009209e+00
3.500000000000000000e+01,5.300000000000000000e+01,5.417996718749989071e+01,7.559055118110236116e-01,2.644228125000012142e-01
3.100000000000000000e+01,5.400000000000000000e+01,5.441500968749988942e+01,6.771653543307086798e-01,1.963139062500047771e-01
5.000000000000000000e+00,5.700000000000000000e+01,5.460063984374989587e+01,5.354330708661417804e-01,1.348823437500001887e-01
4.200000000000000000e+01,5.500000000000000000e+01,5.469145171874989586e+01,6.299212598425196763e-01,4.981298437500001342e-01
2.400000000000000000e+01,7.400000000000000000e+01,5.518958156249989599e+01,6.692913385826771977e-01,3.111642187500009982e-01
3.100000000000000000e+01,5.400000000000000000e+01,5.521896187499989850e+01,4.645669291338582751e-01,3.498928124999949318e-01
3.800000000000000000e+01,4.400000000000000000e+01,5.559422859374989656e+01,4.566929133858267931e-01,1.866985312500020200e+00
1.000000000000000000e+01,7.100000000000000000e+01,5.562360890624989906e+01,7.401574803149606474e-01,5.729160937500026307e-01
2.300000000000000000e+01,6.200000000000000000e+01,5.564230546874989614e+01,5.196850393700787052e-01,1.340810625000017353e+00
3.200000000000000000e+01,6.600000000000000000e+01,5.564764734374989530e+01,3.070866141732283561e-01,1.017627187500011132e+00
1.400000000000000000e+01,7.300000000000000000e+01,5.597483718749990089e+01,6.299212598425196763e-01,2.136750000000020577e-01
2.400000000000000000e+01,7.400000000000000000e+01,5.626463390624989813e+01,6.377952755905511584e-01,1.295404687500010255e-01
2.200000000000000000e+01,5.000000000000000000e+01,5.647163156249990124e+01,3.700787401574803237e-01,7.077984375000312411e-02
1.000000000000000000e+01,7.100000000000000000e+01,5.661853312499990665e+01,5.905511811023621549e-01,5.048071875000061937e-01
2.200000000000000000e+01,5.000000000000000000e+01,5.674006078124990893e+01,3.149606299212598381e-02,2.350425000000058162e-01
3.900000000000000000e+01,5.600000000000000000e+01,5.712334031249991284e+01,2.283464566929133965e-01,1.255340625000016530e-01
3.200000000000000000e+01,6.600000000000000000e+01,5.716473984374991346e+01,4.566929133858267931e-01,2.964740625000032992e-01
2.000000000000000000e+00,7.000000000000000000e+01,5.764417312499991652e+01,3.228346456692913202e-01,1.264688906249993749e+00
1.300000000000000000e+01,6.100000000000000000e+01,5.765085046874991548e+01,3.070866141732283561e-01,1.551814687499998513e+00
1.100000000000000000e+01,3.700000000000000000e+01,5.767355343749991903e+01,2.913385826771653364e-01,3.084932812500014165e-01
3.200000000000000000e+01,6.600000000000000000e+01,5.767355343749991903e+01,7.874015748031495954e-02,1.597220624999991401e+00
1.500000000000000000e+01,4.800000000000000000e+01,5.799673687499991814e+01,3.779527559055118058e-01,2.350424999999987108e-01
1.200000000000000000e+01,4.900000000000000000e+01,5.824646953124991455e+01,4.566929133858267931e-01,2.497326562500035152e-01
3.500000000000000000e+01,5.300000000000000000e+01,5.845213171874991787e+01,5.826771653543306728e-01,6.543796874999685542e-02
1.800000000000000000e+01,5.100000000000000000e+01,5.852958890624991284e+01,3.779527559055118058e-01,6.209929687500022055e-01
2.000000000000000000e+00,7.000000000000000000e+01,5.911719515624991317e+01,4.960629921259842590e-01,5.595614062499976171e-01
1.200000000000000000e+01,4.900000000000000000e+01,5.915058187499991504e+01,3.070866141732283561e-01,1.148503124999962210e-01
1.200000000000000000e+01,4.900000000000000000e+01,5.943770765624991270e+01,1.732283464566929110e-01,3.525637500000016189e-01
4.000000000000000000e+01,6.800000000000000000e+01,5.957926734374991184e+01,4.488188976377952555e-01,5.194973437499967872e-01
3.600000000000000000e+01,6.500000000000000000e+01,5.960063484374990850e+01,2.755905511811023723e-01,3.752667187500051682e-01
9.000000000000000000e+00,5.900000000000000000e+01,5.964203437499990912e+01,3.149606299212598381e-01,2.897967187500043451e-01
2.000000000000000000e+00,7.000000000000000000e+01,5.998391437499991241e+01,3.543307086614173040e-01,3.245189062499989063e-01
1.300000000000000000e+01,6.100000000000000000e+01,5.999860453124991011e+01,2.125984251968504046e-01,1.869656249999991360e-01
1.400000000000000000e+01,7.300000000000000000e+01,6.026970468749991028e+01,2.755905511811023723e-01,1.322114062500006071e-01
3.600000000000000000e+01,6.500000000000000000e+01,6.029774953124991299e+01,1.102362204724409434e-01,8.146359374999434522e-02
1.000000000000000000e+01,7.100000000000000000e+01,6.037387124999990817e+01,3.937007874015748254e-01,4.700849999999974216e-01
1.900000000000000000e+01,6.300000000000000000e+01,6.040592249999991026e+01,3.307086614173228578e-01,6.276703124999727379e-02
2.000000000000000000e+00,7.000000000000000000e+01,6.079187296874990665e+01,2.519685039370078705e-01,7.999457812500025966e-01
1.300000000000000000e+01,6.100000000000000000e+01,6.082793062499990810e+01,1.181102362204724393e-01,4.513884375000003502e-01
3.600000000000000000e+01,6.500000000000000000e+01,6.084796265624990497e+01,6.299212598425196763e-02,9.081187500000069690e-01
1.200000000000000000e+01,4.900000000000000000e+01,6.096548390624990788e+01,1.574803149606299191e-02,9.188025000000124010e-01
4.000000000000000000e+01,6.800000000000000000e+01,6.155843203124990737e+01,1.968503937007874127e-01,3.872859375000103910e-01
9.000000000000000000e+00,5.900000000000000000e+01,6.162921187499991049e+01,1.496062992125984370e-01,1.589207812500035288e-01
1.400000000000000000e+01,7.300000000000000000e+01,6.236906156249991540e+01,1.259842519685039353e-01,1.893694687499980489e+00
1.300000000000000000e+01,6.100000000000000000e+01,6.237440343749991456e+01,1.181102362204724393e-01,1.251334218749995841e+00
2.000000000000000000e+00,7.000000000000000000e+01,6.239176453124991184e+01,1.496062992125984370e-01,1.375532812499990598e+00
3.000000000000000000e+01,4.200000000000000000e+01,6.239844187499991079e+01,1.338582677165354451e-01,1.012285312499997758e+00
3.200000000000000000e+01,6.600000000000000000e+01,6.242782218749991330e+01,1.417322834645669272e-01,1.318107656249992488e+00
1.500000000000000000e+01,4.800000000000000000e+01,6.330656062499991066e+01,1.259842519685039353e-01,9.214734374999977717e-02
1.200000000000000000e+01,4.900000000000000000e+01,6.341072718749990855e+01,2.125984251968504046e-01,7.184821874999940405e-01
2.000000000000000000e+00,7.000000000000000000e+01,6.412386749999990343e+01,2.834645669291338543e-01,5.956190624999919692e-01
1.300000000000000000e+01,6.100000000000000000e+01,6.415191234374989904e+01,1.574803149606299191e-01,1.415596874999920374e-01
1.000000000000000000e+01,7.100000000000000000e+01,6.463535203124989437e+01,4.803149606299212393e-01,3.418800000000032924e-01
3.600000000000000000e+01,6.500000000000000000e+01,6.463535203124989437e+01,2.440944881889763884e-01,1.553150156250012515e+00
3.000000000000000000e+01,4.200000000000000000e+01,6.465805499999989081e+01,2.047244094488188948e-01,6.637279687500239334e-01
1.400000000000000000e+01,7.300000000000000000e+01,6.492781968749989119e+01,4.566929133858267931e-01,2.657582812500152158e-01
3.700000000000000000e+01,7.700000000000000000e+01,6.520292624999990494e+01,4.251968503937008093e-01,6.810890625000354248e-02
1.200000000000000000e+01,4.900000000000000000e+01,6.537119531249992122e+01,1.889763779527559029e-01,1.856301562499993452e-01
2.000000000000000000e+01,7.500000000000000000e+01,6.544197515624992434e+01,2.440944881889763884e-01,6.276703125000437922e-02
3.700000000000000000e+01,7.700000000000000000e+01,6.551943234374992642e+01,3.307086614173228578e-01,1.121793749999966394e-01
2.000000000000000000e+01,7.500000000000000000e+01,6.558219937499991659e+01,2.992125984251968740e-01,5.769224999999948977e-01
9.000000000000000000e+00,5.900000000000000000e+01,6.565832109374991887e+01,1.181102362204724393e-01,5.301810937499880083e-01
1.400000000000000000e+01,7.300000000000000000e+01,6.620452781249990437e+01,2.047244094488188948e-01,1.602562499999891088e-01
1.200000000000000000e+01,4.900000000000000000e+01,6.623791453124989914e+01,1.496062992125984370e-01,1.629271874999886904e-01
1.300000000000000000e+01,6.100000000000000000e+01,6.667327734374988779e+01,2.362204724409448786e-01,3.993051562499942975e-01
2.000000000000000000e+00,7.000000000000000000e+01,6.669865124999988382e+01,2.125984251968504046e-01,1.197915468749997103e+00
3.000000000000000000e+01,4.200000000000000000e+01,6.671734781249988089e+01,1.496062992125984370e-01,5.835998437499938518e-01
1.900000000000000000e+01,6.300000000000000000e+01,6.701248640624987729e+01,3.464566929133858220e-01,2.497326562500035152e-01
3.600000000000000000e+01,6.500000000000000000e+01,6.728358656249987746e+01,2.598425196850393526e-01,1.014956249999983129e-01
1.200000000000000000e+01,4.900000000000000000e+01,6.736905656249987828e+01,1.181102362204724393e-01,3.485573437500022465e-01
1.900000000000000000e+01,6.300000000000000000e+01,6.745052015624987973e+01,2.677165354330708902e-01,5.608968750000542514e-02
3.600000000000000000e+01,6.500000000000000000e+01,6.750660984374988516e+01,2.834645669291338543e-01,1.348823437499930833e-01
1.900000000000000000e+01,6.300000000000000000e+01,6.760009265624988473e+01,2.913385826771653364e-01,3.205124999999924285e-01
1.000000000000000000e+00,5.800000000000000000e+01,6.762146015624988138e+01,1.023622047244094474e-01,5.034717187499921920e-01
1.300000000000000000e+01,6.100000000000000000e+01,6.787519921874988427e+01,3.779527559055118058e-01,2.190168749999941156e-01
2.000000000000000000e+00,7.000000000000000000e+01,6.804881015624987128e+01,4.803149606299212393e-01,3.124996875000221053e-01
1.200000000000000000e+01,4.900000000000000000e+01,6.818636343749987816e+01,1.417322834645669272e-01,1.282050000000083401e-01
3.200000000000000000e+01,6.600000000000000000e+01,6.825714328124988128e+01,3.858267716535432879e-01,1.602562500000175305e-01
3.000000000000000000e+01,4.200000000000000000e+01,6.850687593749989901e+01,2.362204724409448786e-01,8.453517187499812735e-01
3.200000000000000000e+01,6.600000000000000000e+01,6.852156609374989671e+01,2.440944881889763884e-01,3.392090624999894999e-01
1.000000000000000000e+01,7.100000000000000000e+01,6.852690796874989587e+01,4.803149606299212393e-01,6.103092187499896681e-01
3.600000000000000000e+01,6.500000000000000000e+01,6.884608499999988851e+01,4.488188976377952555e-01,2.483971875000037244e-01
1.900000000000000000e+01,6.300000000000000000e+01,6.909848859374989161e+01,4.724409448818897572e-01,2.724356249999857482e-01
1.200000000000000000e+01,4.900000000000000000e+01,6.923337093749988469e+01,2.125984251968504046e-01,1.789528124999861802e-01
1.000000000000000000e+01,7.100000000000000000e+01,6.937760156249987631e+01,4.409448818897637734e-01,1.030981875000009040e+00
3.600000000000000000e+01,6.500000000000000000e+01,6.937760156249987631e+01,3.543307086614173040e-01,6.316767187500005321e-01
3.900000000000000000e+01,5.600000000000000000e+01,6.940698187499987171e+01,3.070866141732283561e-01,2.684292187500005866e-01
1.300000000000000000e+01,6.100000000000000000e+01,6.992113734374987644e+01,4.094488188976377896e-01,2.764420312500135424e-01
1.200000000000000000e+01,4.900000000000000000e+01,6.995185312499987162e+01,2.598425196850393526e-01,2.457262500000183536e-01
2.000000000000000000e+00,7.000000000000000000e+01,7.036317749999989246e+01,3.937007874015748254e-01,4.166662499999915781e-01
3.000000000000000000e+01,4.200000000000000000e+01,7.037386124999989079e+01,2.283464566929133965e-01,3.699248437499988995e-01
3.200000000000000000e+01,6.600000000000000000e+01,7.039789968749988702e+01,3.070866141732283561e-01,1.698716249999989714e+00
1.000000000000000000e+01,7.100000000000000000e+01,7.069570921874988301e+01,6.299212598425196763e-01,2.711001562500001683e-01
1.700000000000000000e+01,7.200000000000000000e+01,7.095211921874988548e+01,6.141732283464567121e-01,2.163459374999945339e-01
1.200000000000000000e+01,4.900000000000000000e+01,7.105227937499988400e+01,2.677165354330708902e-01,1.121793749999966394e-01
1.400000000000000000e+01,7.300000000000000000e+01,7.117514249999987896e+01,5.354330708661417804e-01,4.500529687500005593e-01
1.000000000000000000e+00,5.800000000000000000e+01,7.122722578124988502e+01,2.440944881889763884e-01,1.816237499999999727e-01
3.700000000000000000e+01,7.700000000000000000e+01,7.146493921874987620e+01,4.409448818897637734e-01,1.682690625000020646e-01
2.000000000000000000e+01,7.500000000000000000e+01,7.157978953124987243e+01,4.645669291338582751e-01,4.246790625000045338e-01
1.200000000000000000e+01,4.900000000000000000e+01,7.178411624999988305e+01,2.677165354330708902e-01,1.081729687499972670e-01
1.400000000000000000e+01,7.300000000000000000e+01,7.192166953124987572e+01,4.881889763779527769e-01,3.178415625000070577e-01
3.000000000000000000e+01,4.200000000000000000e+01,7.218742781249987672e+01,2.204724409448818867e-01,3.859504687499963893e-01
1.000000000000000000e+01,7.100000000000000000e+01,7.223550468749988340e+01,6.377952755905511584e-01,3.605765624999861529e-01
3.600000000000000000e+01,6.500000000000000000e+01,7.224618843749988173e+01,3.307086614173228578e-01,1.551814687499970091e+00
1.400000000000000000e+01,7.300000000000000000e+01,7.253331421874987939e+01,5.905511811023621549e-01,2.310360937499922329e-01
3.700000000000000000e+01,7.700000000000000000e+01,7.277503406249986995e+01,5.354330708661417804e-01,5.475421875000563432e-02
1.200000000000000000e+01,4.900000000000000000e+01,7.291258734374987682e+01,9.448818897637795144e-02,9.615374999999914962e-02
2.000000000000000000e+01,7.500000000000000000e+01,7.294463859374987180e+01,4.645669291338582751e-01,5.608968750000542514e-02
3.700000000000000000e+01,7.700000000000000000e+01,7.302743765624987304e+01,3.937007874015748254e-01,7.745718750000207820e-02
2.000000000000000000e+01,7.500000000000000000e+01,7.308352734374987847e+01,3.307086614173228578e-01,6.103092187499754573e-01
9.000000000000000000e+00,5.900000000000000000e+01,7.312759781249987157e+01,2.992125984251968740e-01,2.577454687499880492e-01
1.400000000000000000e+01,7.300000000000000000e+01,7.366846265624985790e+01,3.149606299212598381e-01,6.650634374999810916e-01
1.200000000000000000e+01,4.900000000000000000e+01,7.370852671874985163e+01,1.889763779527559029e-01,1.255340624999945476e-01
2.000000000000000000e+00,7.000000000000000000e+01,7.424805609374985238e+01,2.755905511811023723e-01,9.695503124999902411e-01
1.300000000000000000e+01,6.100000000000000000e+01,7.425206249999985175e+01,1.417322834645669272e-01,5.876062499999932243e-01
3.000000000000000000e+01,4.200000000000000000e+01,7.429613296874984485e+01,1.732283464566929110e-01,4.126598437499922056e-01
3.200000000000000000e+01,6.600000000000000000e+01,7.430414578124984359e+01,5.511811023622047168e-02,4.727559374999970032e-01
6.000000000000000000e+00,6.900000000000000000e+01,7.520291624999984492e+01,3.228346456692913202e-01,4.954589062499934471e-01
2.300000000000000000e+01,6.200000000000000000e+01,7.521760640624984262e+01,2.047244094488188948e-01,7.745718749999923602e-01
3.200000000000000000e+01,6.600000000000000000e+01,7.523363203124984011e+01,1.811023622047244208e-01,9.147960937499988177e-01
1.600000000000000000e+01,6.000000000000000000e+01,7.524164484374983886e+01,1.496062992125984370e-01,5.488776562499992906e-01
2.200000000000000000e+01,5.000000000000000000e+01,7.526968968749983446e+01,1.811023622047244208e-01,9.388345312499950523e-01
2.400000000000000000e+01,7.400000000000000000e+01,7.560622781249983859e+01,4.724409448818897572e-01,4.420401562500018144e-01
1.000000000000000000e+01,7.100000000000000000e+01,7.591739203124983248e+01,5.984251968503937480e-01,3.699248437499988995e-01
4.200000000000000000e+01,5.500000000000000000e+01,7.611103499999984479e+01,1.653543307086614289e-01,7.104693749999739794e-01
1.600000000000000000e+01,6.000000000000000000e+01,7.616311828124983663e+01,3.543307086614173040e-01,4.647431249999840475e-01
6.000000000000000000e+00,6.900000000000000000e+01,7.620184687499983056e+01,4.251968503937008093e-01,6.730762499999798365e-01
2.300000000000000000e+01,6.200000000000000000e+01,7.621920796874982784e+01,3.307086614173228578e-01,4.954589062499934471e-01
4.300000000000000000e+01,6.700000000000000000e+01,7.654239140624981985e+01,4.803149606299212393e-01,2.791129687499989132e-01
9.000000000000000000e+00,5.900000000000000000e+01,7.673603437499981794e+01,4.645669291338582751e-01,1.055020312499976853e-01
2.400000000000000000e+01,7.400000000000000000e+01,7.686691031249981165e+01,6.062992125984252301e-01,6.410250000000417003e-02
1.200000000000000000e+01,4.900000000000000000e+01,7.706055328124980974e+01,2.519685039370078705e-01,1.282049999999983925e+00
9.000000000000000000e+00,5.900000000000000000e+01,7.717940999999980534e+01,2.992125984251968740e-01,8.333324999999973670e-01
3.600000000000000000e+01,6.500000000000000000e+01,7.722748687499979781e+01,4.173228346456692717e-01,5.422003125000003365e-01
1.300000000000000000e+01,6.100000000000000000e+01,7.724217703124979550e+01,2.755905511811023723e-01,8.066231250000015507e-01
1.400000000000000000e+01,7.300000000000000000e+01,7.776968718749979814e+01,3.070866141732283561e-01,7.946039062500034333e-01
1.300000000000000000e+01,6.100000000000000000e+01,7.834260328124979367e+01,2.047244094488188948e-01,9.321571875000103091e-01
3.200000000000000000e+01,6.600000000000000000e+01,7.835195156249979220e+01,2.440944881889763884e-01,9.922532812500151067e-01
1.000000000000000000e+00,5.800000000000000000e+01,7.835862890624979116e+01,1.181102362204724393e-01,9.735567187500180353e-01
3.100000000000000000e+01,5.400000000000000000e+01,7.836931265624978948e+01,2.204724409448818867e-01,1.256676093750002110e+00
1.600000000000000000e+01,6.000000000000000000e+01,7.956055078124980184e+01,3.937007874015748254e-01,1.310094843749993743e+00
3.200000000000000000e+01,6.600000000000000000e+01,7.956055078124980184e+01,3.779527559055118058e-01,8.106295312499867123e-01
1.900000000000000000e+01,6.300000000000000000e+01,7.956856359374980059e+01,3.543307086614173040e-01,1.502402343750006253e+00
5.000000000000000000e+00,5.700000000000000000e+01,7.956856359374980059e+01,2.519685039370078705e-01,1.204592812499981846e+00
8.000000000000000000e+00,4.700000000000000000e+01,7.959660843749979620e+01,1.811023622047244208e-01,1.597220625000005612e+00
6.000000000000000000e+00,6.900000000000000000e+01,8.020825312499978565e+01,3.858267716535432879e-01,6.129801562500034606e-01
4.300000000000000000e+01,6.700000000000000000e+01,8.064628687499978810e+01,4.960629921259842590e-01,4.473820312500151886e-01
2.700000000000000000e+01,5.200000000000000000e+01,8.092940624999980059e+01,2.519685039370078705e-01,1.163193281249988331e+00
3.200000000000000000e+01,6.600000000000000000e+01,8.099217328124980497e+01,4.409448818897637734e-01,5.128199999999907277e-01
5.000000000000000000e+00,5.700000000000000000e+01,8.100419249999980309e+01,3.307086614173228578e-01,6.770826562499934198e-01
9.000000000000000000e+00,5.900000000000000000e+01,8.101888265624980079e+01,2.125984251968504046e-01,1.068374999999988972e+00
2.800000000000000000e+01,6.400000000000000000e+01,8.141284593749979592e+01,4.803149606299212393e-01,5.181618749999898910e-01
4.200000000000000000e+01,5.500000000000000000e+01,8.170397812499979295e+01,2.834645669291338543e-01,4.073179687499930424e-01
1.000000000000000000e+01,7.100000000000000000e+01,8.189361468749979167e+01,5.118110236220472231e-01,7.839201562499908960e-01
1.300000000000000000e+01,6.100000000000000000e+01,8.247721453124978552e+01,2.598425196850393526e-01,2.056621874999990496e+00
2.800000000000000000e+01,6.400000000000000000e+01,8.249591109374978259e+01,4.251968503937008093e-01,1.346152500000002306e+00
4.000000000000000000e+00,4.500000000000000000e+01,8.254131703124978969e+01,1.259842519685039353e-01,1.874998124999990523e+00
4.200000000000000000e+01,5.500000000000000000e+01,8.254131703124978969e+01,1.653543307086614289e-01,1.752134999999995557e+00
3.600000000000000000e+01,6.500000000000000000e+01,8.381268328124978950e+01,1.732283464566929110e-01,1.033652812499980200e+00
5.000000000000000000e+00,5.700000000000000000e+01,8.536716890624977339e+01,8.661417322834645549e-02,5.368584374999869624e-01
3.200000000000000000e+01,6.600000000000000000e+01,8.536716890624977339e+01,1.023622047244094474e-01,3.472218749999882448e-01
2.300000000000000000e+01,6.200000000000000000e+01,8.538185906249977108e+01,1.102362204724409434e-01,6.450314062499984402e-01
2.100000000000000000e+01,3.800000000000000000e+01,8.540456203124976753e+01,1.811023622047244208e-01,4.126598437499922056e-01
3.200000000000000000e+01,6.600000000000000000e+01,8.597480718749976347e+01,1.653543307086614289e-01,1.655981250000024829e-01
3.200000000000000000e+01,6.600000000000000000e+01,8.625258468749976259e+01,2.992125984251968740e-01,1.495725000000049931e-01
3.200000000000000000e+01,6.600000000000000000e+01,8.652502031249976255e+01,1.417322834645669272e-01,2.670937500000007958e-01
3.900000000000000000e+01,5.600000000000000000e+01,8.654772328124975900e+01,1.574803149606299191e-01,1.175212500000100135e-01
6.000000000000000000e+00,6.900000000000000000e+01,8.661316124999976296e+01,1.889763779527559029e-01,1.669335937500022737e-01
5.000000000000000000e+00,5.700000000000000000e+01,8.669863124999976378e+01,4.724409448818897572e-02,1.869656249999991360e-01
4.300000000000000000e+01,6.700000000000000000e+01,8.671332140624976148e+01,2.204724409448818867e-01,5.769224999999948977e-01
3.200000000000000000e+01,6.600000000000000000e+01,8.727154734374975931e+01,1.968503937007874127e-01,3.031514062499951478e-01
4.000000000000000000e+00,4.500000000000000000e+01,8.729024390624975638e+01,1.181102362204724393e-01,1.188567187499955935e-01
6.000000000000000000e+00,6.900000000000000000e+01,8.784045703124975546e+01,1.181102362204724393e-01,1.160522343749988750e+00
2.300000000000000000e+01,6.200000000000000000e+01,8.787117281249975065e+01,2.047244094488188948e-01,1.018962656249996712e+00
2.100000000000000000e+01,3.800000000000000000e+01,8.787117281249975065e+01,1.496062992125984370e-01,2.003203124999970441e-01
3.200000000000000000e+01,6.600000000000000000e+01,8.787117281249975065e+01,1.338582677165354451e-01,1.108439062499996908e+00
5.000000000000000000e+00,5.700000000000000000e+01,8.787117281249975065e+01,2.362204724409448786e-02,4.006406249999940883e-01
3.900000000000000000e+01,5.600000000000000000e+01,8.880065906249974717e+01,1.496062992125984370e-01,7.879265625000186901e-02
5.000000000000000000e+00,5.700000000000000000e+01,8.889013546874974736e+01,1.968503937007874127e-01,1.055020312499976853e-01
2.400000000000000000e+01,7.400000000000000000e+01,8.947507078124974100e+01,4.566929133858267931e-01,3.485573437499880356e-01
3.200000000000000000e+01,6.600000000000000000e+01,8.948976093749973870e+01,1.338582677165354451e-01,2.684292187499863758e-01
4.000000000000000000e+00,4.500000000000000000e+01,8.950445109374973640e+01,1.574803149606299191e-01,2.043267187499964166e-01
2.900000000000000000e+01,7.600000000000000000e+01,8.974349999999972738e+01,4.409448818897637734e-01,3.405445312499892907e-01
3.300000000000000000e+01,7.800000000000000000e+01,9.002528390624972587e+01,3.779527559055118058e-01,6.837599999999923739e-01
2.200000000000000000e+01,5.000000000000000000e+01,9.003997406249972357e+01,1.653543307086614289e-01,4.166662499999915781e-01
3.200000000000000000e+01,6.600000000000000000e+01,9.007469624999971813e+01,1.023622047244094474e-01,1.406248593749992892e+00
1.400000000000000000e+01,7.300000000000000000e+01,9.073975968749971344e+01,2.283464566929133965e-01,2.857903124999978672e-01
3.900000000000000000e+01,5.600000000000000000e+01,9.092538984374971278e+01,2.440944881889763884e-01,8.947640625000019554e-02
2.900000000000000000e+01,7.600000000000000000e+01,9.101486624999971298e+01,1.023622047244094474e-01,8.814093750000040473e-02
5.000000000000000000e+00,5.700000000000000000e+01,9.107095593749971840e+01,9.448818897637795144e-02,1.215276562499951751e-01
2.400000000000000000e+01,7.400000000000000000e+01,9.109232343749971506e+01,3.464566929133858220e-01,4.433756250000016053e-01
1.000000000000000000e+01,7.100000000000000000e+01,9.159846609374972104e+01,4.094488188976377896e-01,1.308759374999937108e-01
3.600000000000000000e+01,6.500000000000000000e+01,9.161315624999971874e+01,1.338582677165354451e-01,2.564099999999882584e-01
1.800000000000000000e+01,5.100000000000000000e+01,9.162517546874971686e+01,1.574803149606299191e-01,2.150104687499947431e-01
3.200000000000000000e+01,6.600000000000000000e+01,9.192565593749971242e+01,1.653543307086614289e-01,7.879265625000186901e-02
1.300000000000000000e+01,6.100000000000000000e+01,9.220610437499971113e+01,2.204724409448818867e-01,1.179218906250000032e+00
4.300000000000000000e+01,6.700000000000000000e+01,9.221545265624970966e+01,2.834645669291338543e-01,1.211270156249995011e+00
2.700000000000000000e+01,5.200000000000000000e+01,9.224349749999970527e+01,2.125984251968504046e-01,5.355229687500013824e-01
3.900000000000000000e+01,5.600000000000000000e+01,9.309552656249969971e+01,1.496062992125984370e-01,8.012812500000165983e-02
5.000000000000000000e+00,5.700000000000000000e+01,9.314627437499970597e+01,2.913385826771653364e-01,1.001601562499985221e-01
4.300000000000000000e+01,6.700000000000000000e+01,9.359232093749970716e+01,4.960629921259842590e-01,2.978095312499817737e-01
2.800000000000000000e+01,6.400000000000000000e+01,9.360300468749970548e+01,3.622047244094488416e-01,2.604164062499876309e-01
4.000000000000000000e+00,4.500000000000000000e+01,9.361635937499970339e+01,2.362204724409448786e-01,1.095084374999970578e-01
6.000000000000000000e+00,6.900000000000000000e+01,9.385006640624969521e+01,4.645669291338582751e-01,3.004804687499813554e-01
3.200000000000000000e+01,6.600000000000000000e+01,9.386342109374969311e+01,3.307086614173228578e-01,2.350424999999916054e-01
1.000000000000000000e+01,7.100000000000000000e+01,9.408777984374968639e+01,6.141732283464567121e-01,5.662387499999965712e-01
4.300000000000000000e+01,6.700000000000000000e+01,9.410647640624968346e+01,4.015748031496063075e-01,7.505334374999961256e-01
1.200000000000000000e+01,4.900000000000000000e+01,9.413585671874967886e+01,1.811023622047244208e-01,5.275101562500026375e-01
1.400000000000000000e+01,7.300000000000000000e+01,9.472079203124968672e+01,5.433070866141732624e-01,1.188567187499955935e-01
6.000000000000000000e+00,6.900000000000000000e+01,9.473414671874968462e+01,3.622047244094488416e-01,2.323715624999920237e-01
3.900000000000000000e+01,5.600000000000000000e+01,9.487169999999967729e+01,1.889763779527559029e-01,7.879265625000186901e-02
1.400000000000000000e+01,7.300000000000000000e+01,9.493580249999968146e+01,2.125984251968504046e-01,5.649032812499825695e-01
2.900000000000000000e+01,7.600000000000000000e+01,9.494247984374968041e+01,3.779527559055118058e-01,6.223284374999735746e-01
5.000000000000000000e+00,5.700000000000000000e+01,9.495049265624967916e+01,2.440944881889763884e-01,1.121793749999966394e-01
2.400000000000000000e+01,7.400000000000000000e+01,9.549002203124966570e+01,4.724409448818897572e-01,2.831193749999840747e-01
1.000000000000000000e+01,7.100000000000000000e+01,9.550070578124966403e+01,3.622047244094488416e-01,2.577454687499880492e-01
4.000000000000000000e+00,4.500000000000000000e+01,9.552474421874966026e+01,1.968503937007874127e-01,1.001601562499985221e-01
2.700000000000000000e+01,5.200000000000000000e+01,9.591470109374965602e+01,2.834645669291338543e-01,5.649032812499967804e-01
2.400000000000000000e+01,7.400000000000000000e+01,9.598548093749965915e+01,3.622047244094488416e-01,4.674140624999267857e-02
1.000000000000000000e+01,7.100000000000000000e+01,9.600284203124965643e+01,3.070866141732283561e-01,5.221682812499892634e-01
2.900000000000000000e+01,7.600000000000000000e+01,9.603222234374965183e+01,4.173228346456692717e-01,5.341875000000584350e-02
2.400000000000000000e+01,7.400000000000000000e+01,9.610834406249965411e+01,4.645669291338582751e-01,3.939632812499951342e-01
1.400000000000000000e+01,7.300000000000000000e+01,9.647960437499965280e+01,3.622047244094488416e-01,6.503732812499976035e-01
6.000000000000000000e+00,6.900000000000000000e+01,9.648361078124965218e+01,2.362204724409448786e-01,9.521892187499929605e-01
3.900000000000000000e+01,5.600000000000000000e+01,9.675203999999965276e+01,3.070866141732283561e-01,6.677343750000375167e-02
5.000000000000000000e+00,5.700000000000000000e+01,9.682549078124965547e+01,2.677165354330708902e-01,2.831193749999982856e-01
2.900000000000000000e+01,7.600000000000000000e+01,9.733563984374964662e+01,4.645669291338582751e-01,2.857903124999978672e-01
1.400000000000000000e+01,7.300000000000000000e+01,9.735032999999964431e+01,3.937007874015748254e-01,3.418800000000032924e-01
4.000000000000000000e+00,4.500000000000000000e+01,9.736234921874964243e+01,1.653543307086614289e-01,4.594012499999990951e-01
4.300000000000000000e+01,6.700000000000000000e+01,9.761074640624964616e+01,4.960629921259842590e-01,2.897967187499830288e-01
1.000000000000000000e+01,7.100000000000000000e+01,9.761074640624964616e+01,6.614173228346457156e-01,1.081729687499972670e-01
2.400000000000000000e+01,7.400000000000000000e+01,9.784178249999963839e+01,6.299212598425196763e-01,4.193371874999769489e-01
1.000000000000000000e+01,7.100000000000000000e+01,9.787116281249963379e+01,4.724409448818897572e-01,6.022964062499767124e-01
1.200000000000000000e+01,4.900000000000000000e+01,9.787917562499963253e+01,2.125984251968504046e-01,3.445509374999886631e-01
3.200000000000000000e+01,6.600000000000000000e+01,9.846945281249961113e+01,3.543307086614173040e-01,2.243587500000074897e-01
6.000000000000000000e+00,6.900000000000000000e+01,9.846945281249961113e+01,4.251968503937008093e-01,1.268695312500085493e-01
3.900000000000000000e+01,5.600000000000000000e+01,9.855091640624961258e+01,2.677165354330708902e-01,7.612171875000228738e-02
1.400000000000000000e+01,7.300000000000000000e+01,9.867377953124962175e+01,4.251968503937008093e-01,6.063028124999902957e-01
6.000000000000000000e+00,6.900000000000000000e+01,9.867912140624962092e+01,3.700787401574803237e-01,5.355229687499871716e-01
5.000000000000000000e+00,5.700000000000000000e+01,9.868846968749961945e+01,2.677165354330708902e-01,9.748921874999894044e-02
1.000000000000000000e+01,7.100000000000000000e+01,9.920796703124960914e+01,4.724409448818897572e-01,2.844548437499980764e-01
4.300000000000000000e+01,6.700000000000000000e+01,9.921464437499960809e+01,3.070866141732283561e-01,5.288456249999882175e-01
4.000000000000000000e+00,4.500000000000000000e+01,9.921865078124960746e+01,1.968503937007874127e-01,2.216878125000079081e-01
1.000000000000000000e+01,7.100000000000000000e+01,9.966870374999960802e+01,3.858267716535432879e-01,5.649032812499967804e-01
3.600000000000000000e+01,6.500000000000000000e+01,9.968606484374960530e+01,2.125984251968504046e-01,4.620721874999986767e-01
2.200000000000000000e+01,5.000000000000000000e+01,9.970476140624960237e+01,1.732283464566929110e-01,7.732364062500067803e-01
3.200000000000000000e+01,6.600000000000000000e+01,1.001441306249996046e+02,1.889763779527559029e-01,1.024304531249995875e+00
6.000000000000000000e+00,6.900000000000000000e+01,1.001548143749996029e+02,2.125984251968504046e-01,1.128471093749993770e+00
3.900000000000000000e+01,5.600000000000000000e+01,1.005193973437496027e+02,1.259842519685039353e-01,1.001601562499985221e-01
5.000000000000000000e+00,5.700000000000000000e+01,1.006021964062496039e+02,2.519685039370078705e-01,3.766021874999978536e-01
2.400000000000000000e+01,7.400000000000000000e+01,1.012071637499995944e+02,4.251968503937008093e-01,3.018159374999953570e-01
2.300000000000000000e+01,6.200000000000000000e+01,1.012071637499995944e+02,1.732283464566929110e-01,3.245189062499918009e-01
3.100000000000000000e+01,5.400000000000000000e+01,1.012165120312495930e+02,2.283464566929133965e-01,2.483971875000037244e-01
2.200000000000000000e+01,5.000000000000000000e+01,1.014862767187495933e+02,3.228346456692913202e-01,2.163459374999945339e-01
2.800000000000000000e+01,6.400000000000000000e+01,1.017440221874995814e+02,3.307086614173228578e-01,5.021362499999924012e-01
2.400000000000000000e+01,7.400000000000000000e+01,1.017506995312495803e+02,4.566929133858267931e-01,9.521892187499929605e-01
0.000000000000000000e+00,4.600000000000000000e+01,1.017734024999995768e+02,2.362204724409448786e-01,8.253196874999986221e-01
3.600000000000000000e+01,6.500000000000000000e+01,1.021833914062495836e+02,3.700787401574803237e-01,2.670937499999865850e-01
6.000000000000000000e+00,6.900000000000000000e+01,1.025185940624995737e+02,4.015748031496063075e-01,1.509079687500047839e-01
3.500000000000000000e+01,5.300000000000000000e+01,1.026067349999995741e+02,4.094488188976377896e-01,5.608968750000542514e-02
2.000000000000000000e+00,7.000000000000000000e+01,1.028164035937495697e+02,5.275590551181101873e-01,7.358432812499984266e-01
2.300000000000000000e+01,6.200000000000000000e+01,1.028751642187495747e+02,2.834645669291338543e-01,2.150104687499947431e-01
2.400000000000000000e+01,7.400000000000000000e+01,1.031128776562495659e+02,6.929133858267716439e-01,3.579056250000007822e-01
3.500000000000000000e+01,5.300000000000000000e+01,1.032904949999995665e+02,5.354330708661417804e-01,8.279906250000124146e-02
2.900000000000000000e+01,7.600000000000000000e+01,1.034320546874995728e+02,6.535433070866141225e-01,4.473820312499867669e-01
3.400000000000000000e+01,4.100000000000000000e+01,1.037111676562495717e+02,3.937007874015748254e-01,1.051013906249977481e+00
4.400000000000000000e+01,7.900000000000000000e+01,1.038380371874995660e+02,6.062992125984252301e-01,4.206726562499909505e-01
6.000000000000000000e+00,6.900000000000000000e+01,1.038527273437495637e+02,2.283464566929133965e-01,5.288456249999882175e-01
3.700000000000000000e+01,7.700000000000000000e+01,1.041959428124995526e+02,6.062992125984252301e-01,1.736109375000012278e-01
1.700000000000000000e+01,7.200000000000000000e+01,1.044496818749995555e+02,5.118110236220472231e-01,5.074781250000626187e-02
1.500000000000000000e+01,4.800000000000000000e+01,1.045258035937495578e+02,1.889763779527559029e-01,9.882468749999873125e-02
6.000000000000000000e+00,6.900000000000000000e+01,1.045672031249995513e+02,4.251968503937008093e-01,5.208328125000605269e-02
2.000000000000000000e+00,7.000000000000000000e+01,1.046446603124995534e+02,4.409448818897637734e-01,1.081729687499972670e-01
6.000000000000000000e+00,6.900000000000000000e+01,1.047060918749995579e+02,3.937007874015748254e-01,4.166662499999915781e-01
1.500000000000000000e+01,4.800000000000000000e+01,1.047434849999995521e+02,7.874015748031495954e-02,1.949784374999978809e-01
4.300000000000000000e+01,6.700000000000000000e+01,1.050292753124995500e+02,4.488188976377952555e-01,2.644228125000012142e-01
5.000000000000000000e+00,5.700000000000000000e+01,1.051775123437495552e+02,2.677165354330708902e-01,9.214734374999977717e-02
3.600000000000000000e+01,6.500000000000000000e+01,1.053257493749995461e+02,5.196850393700787052e-01,8.947640625000019554e-02
2.000000000000000000e+00,7.000000000000000000e+01,1.056048623437495451e+02,4.803149606299212393e-01,8.907576562499883721e-01
1.300000000000000000e+01,6.100000000000000000e+01,1.056048623437495451e+02,5.433070866141732624e-01,3.538992187499871989e-01
4.100000000000000000e+01,4.300000000000000000e+01,1.056342426562495405e+02,2.913385826771653364e-01,7.011210937499896545e-01
2.300000000000000000e+01,6.200000000000000000e+01,1.059587615624995323e+02,4.960629921259842590e-01,2.337070312500060254e-01
3.200000000000000000e+01,6.600000000000000000e+01,1.062205134374995339e+02,5.039370078740157410e-01,2.443907812500043519e-01
2.200000000000000000e+01,5.000000000000000000e+01,1.063273509374995314e+02,3.464566929133858220e-01,7.345078125000270575e-02
1.000000000000000000e+00,5.800000000000000000e+01,1.064462076562495412e+02,3.779527559055118058e-01,3.205124999999924285e-01
4.300000000000000000e+01,6.700000000000000000e+01,1.064528849999995401e+02,5.433070866141732624e-01,5.208328125000036835e-01
2.000000000000000000e+00,7.000000000000000000e+01,1.067440171874995372e+02,6.141732283464567121e-01,3.098287499999941019e-01
2.200000000000000000e+01,5.000000000000000000e+01,1.069189635937495382e+02,4.488188976377952555e-01,7.745718750000207820e-02
1.400000000000000000e+01,7.300000000000000000e+01,1.070271365624995354e+02,6.141732283464567121e-01,3.418799999999890815e-01
2.100000000000000000e+01,3.800000000000000000e+01,1.072755337499995250e+02,3.385826771653543399e-01,3.418799999999890815e-01
2.900000000000000000e+01,7.600000000000000000e+01,1.073583328124995262e+02,4.960629921259842590e-01,3.819440624999828060e-01
3.200000000000000000e+01,6.600000000000000000e+01,1.073797003124995229e+02,2.834645669291338543e-01,5.248392187499746342e-01
2.400000000000000000e+01,7.400000000000000000e+01,1.077149029687495130e+02,5.669291338582677087e-01,1.495724999999907823e-01
3.600000000000000000e+01,6.500000000000000000e+01,1.079713129687495012e+02,5.669291338582677087e-01,2.537390625000028876e-01
3.800000000000000000e+01,4.400000000000000000e+01,1.080460992187495037e+02,3.070866141732283561e-01,1.455660937500056207e-01
3.200000000000000000e+01,6.600000000000000000e+01,1.082090264062495066e+02,5.118110236220472231e-01,4.059824999999932515e-01
4.000000000000000000e+00,4.500000000000000000e+01,1.082197101562495050e+02,2.913385826771653364e-01,2.203523437499939064e-01
6.000000000000000000e+00,6.900000000000000000e+01,1.084881393749995055e+02,3.307086614173228578e-01,1.896365624999987176e-01
1.000000000000000000e+00,5.800000000000000000e+01,1.085629256249995080e+02,2.440944881889763884e-01,2.150104687499947431e-01
4.300000000000000000e+01,6.700000000000000000e+01,1.085936414062495032e+02,4.645669291338582751e-01,4.006406249999940883e-01
2.300000000000000000e+01,6.200000000000000000e+01,1.086150089062494999e+02,3.385826771653543399e-01,3.378735937500039199e-01
5.000000000000000000e+00,5.700000000000000000e+01,1.089194957812495090e+02,2.834645669291338543e-01,1.789528124999861802e-01
3.200000000000000000e+01,6.600000000000000000e+01,1.089475406249995046e+02,4.566929133858267931e-01,1.802882812499859710e-01
3.200000000000000000e+01,6.600000000000000000e+01,1.092814078124994950e+02,4.566929133858267931e-01,4.647431249999840475e-01
1.900000000000000000e+01,6.300000000000000000e+01,1.092960979687494927e+02,4.724409448818897572e-01,2.138085468749977736e+00
8.000000000000000000e+00,4.700000000000000000e+01,1.093001043749994921e+02,1.259842519685039353e-01,2.290328906249982310e+00
1.600000000000000000e+01,6.000000000000000000e+01,1.093001043749994921e+02,4.330708661417322913e-01,1.769496093749978627e+00
5.000000000000000000e+00,5.700000000000000000e+01,1.093107881249994904e+02,3.228346456692913202e-01,1.649303906249983243e+00
4.300000000000000000e+01,6.700000000000000000e+01,1.096379779687494818e+02,5.590551181102362266e-01,3.352026562499901274e-01
6.000000000000000000e+00,6.900000000000000000e+01,1.099144199999994811e+02,3.700787401574803237e-01,3.111642187499938927e-01
4.300000000000000000e+01,6.700000000000000000e+01,1.101975393749994794e+02,3.385826771653543399e-01,5.021362499999924012e-01
3.200000000000000000e+01,6.600000000000000000e+01,1.107036820312494712e+02,3.307086614173228578e-01,2.711001562500001683e-01
2.700000000000000000e+01,5.200000000000000000e+01,1.112538951562494702e+02,1.653543307086614289e-01,2.301012656250009059e+00
3.200000000000000000e+01,6.600000000000000000e+01,1.113273459374994729e+02,3.149606299212598381e-01,6.316767187500005321e-01
9.000000000000000000e+00,5.900000000000000000e+01,1.113340232812494719e+02,2.125984251968504046e-01,2.486642812500022615e+00
5.000000000000000000e+00,5.700000000000000000e+01,1.113567262499994683e+02,1.259842519685039353e-01,1.597220625000019822e+00
1.000000000000000000e+01,7.100000000000000000e+01,1.118668753124994737e+02,3.543307086614173040e-01,4.620721874999986767e-01
3.200000000000000000e+01,6.600000000000000000e+01,1.122915543749994782e+02,2.440944881889763884e-01,8.733965625000053024e-01
2.800000000000000000e+01,6.400000000000000000e+01,1.130207203124994919e+02,1.889763779527559029e-01,7.505334374999961256e-01
4.200000000000000000e+01,5.500000000000000000e+01,1.130567779687494863e+02,1.023622047244094474e-01,6.223284375000019963e-01
4.000000000000000000e+00,4.500000000000000000e+01,1.147875454687494994e+02,2.519685039370078705e-01,4.412388749999990978e+00
1.300000000000000000e+01,6.100000000000000000e+01,1.155207178124994982e+02,2.992125984251968740e-01,4.898499374999985889e+00
4.300000000000000000e+01,6.700000000000000000e+01,1.155207178124994982e+02,4.488188976377952555e-01,6.770826562500076307e-01
1.000000000000000000e+00,5.800000000000000000e+01,1.155354079687494959e+02,2.834645669291338543e-01,5.101490625000053569e-01
3.200000000000000000e+01,6.600000000000000000e+01,1.160922984374995082e+02,3.070866141732283561e-01,3.058223437499947295e-01
5.000000000000000000e+00,5.700000000000000000e+01,1.161163368749995044e+02,2.440944881889763884e-01,2.483971875000037244e-01
3.200000000000000000e+01,6.600000000000000000e+01,1.166852465624995006e+02,2.125984251968504046e-01,1.658652187499995989e+00
5.000000000000000000e+00,5.700000000000000000e+01,1.167186332812494953e+02,1.338582677165354451e-01,3.603094687500004056e+00
2.800000000000000000e+01,6.400000000000000000e+01,1.181569331249994974e+02,1.968503937007874127e-01,2.230232812499991724e+00
4.200000000000000000e+01,5.500000000000000000e+01,1.181863134374994928e+02,1.338582677165354451e-01,7.892620312500042701e-01
2.100000000000000000e+01,3.800000000000000000e+01,1.202709801562494931e+02,1.574803149606299191e-01,1.323449531249977440e+00
5.000000000000000000e+00,5.700000000000000000e+01,1.212311821874994848e+02,1.181102362204724393e-01,2.029912499999966258e-01
6.000000000000000000e+00,6.900000000000000000e+01,1.214608828124994773e+02,9.448818897637795144e-02,1.290062812500011091e+00
3.200000000000000000e+01,6.600000000000000000e+01,1.214688956249994760e+02,1.023622047244094474e-01,1.282050000000012346e+00
2.300000000000000000e+01,6.200000000000000000e+01,1.214809148437494741e+02,1.417322834645669272e-01,1.127135625000008190e+00
3.000000000000000000e+00,3.300000000000000000e+01,1.220044185937494774e+02,1.653543307086614289e-01,1.856301562499993452e-01
2.100000000000000000e+01,3.800000000000000000e+01,1.226000376562494836e+02,1.417322834645669272e-01,1.244656875000003993e+00
5.000000000000000000e+00,5.700000000000000000e+01,1.234253573437494964e+02,1.417322834645669272e-01,1.295404687499939200e-01
6.000000000000000000e+00,6.900000000000000000e+01,1.236964574999994966e+02,1.181102362204724393e-01,7.772428124999777310e-01
3.200000000000000000e+01,6.600000000000000000e+01,1.237445343749994890e+02,1.574803149606299191e-02,7.892620312499758484e-01
2.300000000000000000e+01,6.200000000000000000e+01,1.237445343749994890e+02,3.937007874015747977e-02,7.518689062499817055e-01
3.000000000000000000e+00,3.300000000000000000e+01,1.243227923437494837e+02,2.047244094488188948e-01,1.562498437499897364e-01
3.200000000000000000e+01,6.600000000000000000e+01,1.254419151562494648e+02,2.047244094488188948e-01,1.208599218749952797e+00
3.100000000000000000e+01,5.400000000000000000e+01,1.254686245312494606e+02,1.732283464566929110e-01,1.037659218749979573e+00
2.300000000000000000e+01,6.200000000000000000e+01,1.254833146874994583e+02,1.417322834645669272e-01,1.127135624999965557e+00
5.000000000000000000e+00,5.700000000000000000e+01,1.254833146874994583e+02,1.102362204724409434e-01,1.075052343749973716e+00
4.000000000000000000e+00,4.500000000000000000e+01,1.254873210937494576e+02,7.874015748031495954e-02,1.127135624999965557e+00
2.100000000000000000e+01,3.800000000000000000e+01,1.254873210937494576e+02,1.023622047244094474e-01,1.051013906249977481e+00
2.200000000000000000e+01,5.000000000000000000e+01,1.255020112499994553e+02,8.661417322834645549e-02,1.077723281249973297e+00
2.300000000000000000e+01,6.200000000000000000e+01,1.274691567187494172e+02,3.149606299212598381e-02,8.947640625000019554e-02
6.000000000000000000e+00,6.900000000000000000e+01,1.276454385937494180e+02,1.574803149606299191e-02,1.615917187500031105e-01
2.500000000000000000e+01,8.600000000000000000e+01,1.279726284374994236e+02,1.574803149606299191e-01,8.239842187500130422e-01
7.000000000000000000e+00,8.100000000000000000e+01,1.279819767187494222e+02,1.574803149606299191e-01,6.343476562500143245e-01
2.400000000000000000e+01,7.400000000000000000e+01,1.279913249999994207e+02,8.661417322834645549e-02,3.378735937500039199e-01
3.300000000000000000e+01,7.800000000000000000e+01,1.279966668749994199e+02,1.732283464566929110e-01,1.762818750000008095e-01
